Country	Hen	Jö	NL	Pav	TOTAL SCORE
01 Sweden	12	10	8	7	37
02 Ukraine	10	8	12	10	40
03 France	8	7	10	12	37
04 Italy	7	12	7	8	34
05 Israel	6	6	6	6	24
06 Switzerland	5	5	5	5	20
07 Finland	4	4	4	4	16
08 Croatia	3	3	3	3	12
09 Slovenia	2	2	2	2	8
10 Lithuania	1	1	1	1	4
11 Albania						
12 Austria						
13 Cyprus						
14 Czechia						
15 Denmark						
16 Estonia						
17 Georgia						
18 Greece						
19 Ireland						
20 Latvia						
21 Luxembourg						
22 Moldova						
23 Netherlands						
24 Norway						
25 Poland						
26 Portugal						
27 San Marino						
28 Serbia						
29 United Kingdom						
